id,created_at,text
973235690732433408,2018-03-12 16:34:05,"b'@LodewijkA Links af staat gelijk aan salafistisch. Dus nee, dank je.'"
973232542311682055,2018-03-12 16:21:34,b'@geertwilderspvv  https://t.co/tGIFW4f1ps'
973232409633320960,2018-03-12 16:21:02,b'@geertwilderspvv  https://t.co/nMTBEq2yUm'
973231861383225344,2018-03-12 16:18:52,b'@Mirjam152  https://t.co/bsXmuo6gFG'
973231747570823169,2018-03-12 16:18:25,b'@Mirjam152  https://t.co/kFjenRjl5V'
972462524498137089,2018-03-10 13:21:47,b'@LodewijkA Een beter voorbeeld van symboolpolitiek is nauwelijks denkbaar.'
972387522373472261,2018-03-10 08:23:46,b'@RTLnieuws @JosHeymans Helemaal prima die kritische houding tav de PVV. Zou echter nog beter zijn als met dezelfde\xe2\x80\xa6 https://t.co/m9dsY8wg3n'
972176909705637888,2018-03-09 18:26:52,b'https://t.co/V0mGJOl6TZ'
972176879707881472,2018-03-09 18:26:44,b'https://t.co/Nn2FjWbrcr'
972141350735970304,2018-03-09 16:05:34,b'@geertwilderspvv @floorbremer @RTLnieuws  https://t.co/Y6SWV9a2ll'
972092673195692032,2018-03-09 12:52:08,b'Arrogander wordt nu zelfs bij de NPO al afgezeken. https://t.co/ZHAG6qAhdC'
971999541552594945,2018-03-09 06:42:04,b'https://t.co/JEbv7642Qg'
971999513958215684,2018-03-09 06:41:57,b'Links-islamitisch verbond Rotterdam https://t.co/WCF8ImMYaQ'
971828932055064576,2018-03-08 19:24:07,b'@ADPolitiek Tenzij het Silly Sil betreft....dan gelden kennelijk hele andere maatstaven.'
971741817862610950,2018-03-08 13:37:58,b'@Martinbosma_pvv  https://t.co/HOEKhlLaqq'
971452410391560193,2018-03-07 18:27:58,b'Linkse politiek anno 2018 https://t.co/QIzcokRisC'
971356016305754119,2018-03-07 12:04:55,b'https://t.co/gm5SbGUSYC'
971010176638750720,2018-03-06 13:10:41,b'@jndkgrf @APechtold @WNLOpiniemakers @jeroenpauw is toch wel mans genoeg om zelf alle relevante topics ter tafel te\xe2\x80\xa6 https://t.co/uGzq79bs6A'
970764939727163398,2018-03-05 20:56:12,b'@seven__  https://t.co/xP5U6n6y5h'
970755914448982017,2018-03-05 20:20:20,b'https://t.co/OZfqCuHHE7'
970558342547558401,2018-03-05 07:15:15,b'RT @Leonvangalen99: https://t.co/8x4ukcfZCi'
969980991501717505,2018-03-03 17:01:04,b'@Blankedixie  https://t.co/eDeZQPkD66'
969945679933136899,2018-03-03 14:40:45,b'BREKEND! Besloten Whatsapp-conversatie tussen Alexander Pechtold en Kajsa Ollongren is uitgelekt! https://t.co/cjhNY8Wvzq'
969312998790705154,2018-03-01 20:46:42,b'@RTLnieuws  https://t.co/b5SMGiq7bP'
969296915123916802,2018-03-01 19:42:47,"b""Terwijl Marine Le Pen wordt vervolgd voor het tweeten van 3 IS-foto's, zijn de meeste IS-strijders zonder problemen\xe2\x80\xa6 https://t.co/JlpEvfdC6f"""
968957155146649603,2018-02-28 21:12:42,b'https://t.co/H7MHMF2sGu'
968495046264786944,2018-02-27 14:36:27,b'De VVD profileert zich in campagnetijd altijd als de partij van de lastenverlichting. Ruim 7 jaar Rutte laat echter\xe2\x80\xa6 https://t.co/W042zhDfhc'
968118462483755013,2018-02-26 13:40:02,b'Gelukkig windt D66 er bij de huidige campagne geen doekjes meer om.. https://t.co/gNIJAtQfzy'
967495891958554625,2018-02-24 20:26:10,"b""Beste @NoraSpreekt Als ik onderstaand grapje tweet, ben ik dan officieel 'Islamofoob' of is daar meer voor nodig? https://t.co/hQ3gxNSZ8E"""
967357030087430144,2018-02-24 11:14:23,b'#D66 woordwolk https://t.co/ocEFMIWEIz'
967150533407657990,2018-02-23 21:33:50,b'Met zulke bestuurders heb je geen vijanden meer nodig... https://t.co/0ziu55fu9h'
966761465821712385,2018-02-22 19:47:49,b'@NOS #NOS #Propaganda https://t.co/nChOs1yg8F'
966751574105165824,2018-02-22 19:08:31,"b'Eerlijk is eerlijk, #D66 is wel al aardig op weg.. https://t.co/26Dlle0Qgk'"
966592129828118529,2018-02-22 08:34:56,b'@bpschut @D66  https://t.co/xTdpspGWnv'
966437768309157891,2018-02-21 22:21:34,b'@arnoldkarskens  https://t.co/qS1nflMl2c'
966436429512486913,2018-02-21 22:16:14,b'#Ollongren https://t.co/7JNsd4yG5x'
966387999259885571,2018-02-21 19:03:48,"b'@DilanYesilgoz @DonArturito Let me guess, verkiezingen?\n\nAls dit oprecht was geweest was je hier maanden geleden al mee gekomen.'"
966373168905641984,2018-02-21 18:04:52,b'Hoe zou @D66 zelf vinden dat het gaat? https://t.co/midPGYI5jZ'
966372461678923777,2018-02-21 18:02:03,b'@DitisdeDag @NPORadio1 @ajboekestijn Ik neem A.J. Boekestijn al niet meer serieus sinds hij zich in 2003 schaarde a\xe2\x80\xa6 https://t.co/QBgfSXZhRl'
966367006625878017,2018-02-21 17:40:23,"b'@TPOnl Daar tellen we dan jaarlijks 1,4 miljard voor neer.....'"
966365403021750272,2018-02-21 17:34:00,"b""De werkelijke reden achter afschaffen referenda, overdracht soevereiniteit naar EU en de 'strijd tegen nepnieuws',\xe2\x80\xa6 https://t.co/rulKrjh5Ms"""
966293686081458178,2018-02-21 12:49:02,b'@APechtold @thierrybaudet  https://t.co/nOEOwnjWpy'
966094289687252992,2018-02-20 23:36:42,b'@Derksen_Gelul  https://t.co/golfsj4CxU'
966028875984666624,2018-02-20 19:16:46,b'#referendumdebat #D66 https://t.co/RO5Ks4XQbK'
965942140726644736,2018-02-20 13:32:07,b'https://t.co/0xEKZaejbo'
965901491356733440,2018-02-20 10:50:35,b'@MinPres @JunckerEU @EU_Commission  https://t.co/zW2huGBJos'
965884075725803520,2018-02-20 09:41:23,b'@arnoldkarskens @TimmermansEU  https://t.co/4YZDHMGlov'
965710699224760325,2018-02-19 22:12:27,b'https://t.co/YYRQW0Yxor'
965593616965128192,2018-02-19 14:27:12,b'@JoostNiemoller  https://t.co/AVCSh2sHBg'
965347544724393985,2018-02-18 22:09:24,b'https://t.co/AUzZsGGFP4'
965328474746564614,2018-02-18 20:53:37,b'@wierdduk @Sywert  https://t.co/2bJ49cTl2B'
964839059746164736,2018-02-17 12:28:52,"b""@MarietjeSchaake @anneapplebaum How about the Dutch foreign minister who was lying about his stay in Poetin's Datsj\xe2\x80\xa6 https://t.co/uTmvGp2pMw"""
964787761831084032,2018-02-17 09:05:01,b'@pvdmeersch @Bjheijne @nrc En hoe heet dat krantje ook alweer dat de macht steeds beschermd c.q als propagandakanaal dient....?'
964486243747860480,2018-02-16 13:06:54,b'@geertwilderspvv  https://t.co/OatqUaFEhM'
964437989064523776,2018-02-16 09:55:09,b'@VictorOnrust @EWdeVlieger #oxfamnovib https://t.co/8D8p7qlSaW'
964436869021757440,2018-02-16 09:50:42,b'@DonArturito  https://t.co/0DlkPhQ8Zb'
964266084558884865,2018-02-15 22:32:04,b'https://t.co/gXMhfnHMhW'
964230430747713539,2018-02-15 20:10:23,b'https://t.co/AS3n2JBT0Z'
964151612171317249,2018-02-15 14:57:12,b'@JoostNiemoller @Eerdmans  https://t.co/wSAdHQgQD2'
964115444176220160,2018-02-15 12:33:28,b'https://t.co/loK44l7uX8'
964035023585398784,2018-02-15 07:13:55,b'@inigo_says @kromst  https://t.co/XQekfCvOQf'
963745420521426946,2018-02-14 12:03:08,"b""@JoostNiemoller 'Soumission' wordt realiteit in Rotterdam"""
963714362010677248,2018-02-14 09:59:43,b'@BNR @Farah_Karimi  https://t.co/inCthM8aIK'
963713362210279425,2018-02-14 09:55:45,b'@HanTenBroeke @wierdduk @HalbeZijlstra @MinBZ Het doelbewust verspreiden van nepnieuws om het vijandsbeeld van Rusl\xe2\x80\xa6 https://t.co/r050UfqKUr'
963535436583985152,2018-02-13 22:08:44,"b'Vandaag nam ook Martin Schulz afscheid. We gaan hem missen, een echte democraat in hart en nieren. https://t.co/dtLXT2JWMo'"
963528430359928832,2018-02-13 21:40:53,b'Mark en Halbe in gelukkigere tijden.\xf0\x9f\x98\xa2 https://t.co/C20WY80vvu'
963393679389011973,2018-02-13 12:45:26,b'@RTLnieuws  https://t.co/htCsfwIEzN'
963369771201855488,2018-02-13 11:10:26,b'https://t.co/0B27u2abuW'
963338465587974144,2018-02-13 09:06:02,b'@jndkgrf @wouterdewinther Probeerde Wouter destijds ook al niet de affaire Henny Keizer te downplayen?'
963062671066255362,2018-02-12 14:50:08,b'https://t.co/Vr1DVhsoG4'
963057702988599296,2018-02-12 14:30:23,"b'@dopsleutel13 Ja, als het gaat om het goede doel ben ik bereid om alles te geven wat ik in me heb.'"
963029693321695233,2018-02-12 12:39:05,b'@ADPolitiek @thierrybaudet Zo iemand noemen we een pathologische leugenaar.'
963024275790880769,2018-02-12 12:17:34,b'@RiavdOetelaar Is ironisch bedoeld.'
963018749405270017,2018-02-12 11:55:36,b'@jndkgrf We slaan internationaal een pleefiguur met Halbe Zijlstra als Minister van BUZA.'
963000025797353473,2018-02-12 10:41:12,"b'RT @baspaternotte: Dit is dus de zelfverklaard chef nepnieuws, mind you. Die een Europese instelling steunt die onterecht Nederlandse media\xe2\x80\xa6'"
962996766533672960,2018-02-12 10:28:15,b'RT @RVeelo: Een overheid als nepnieuws-bestrijder. Iemand nog? https://t.co/EJYKDTfgdb'
962996432826458113,2018-02-12 10:26:55,b'@RVeelo  https://t.co/z6Va4qeSBD'
962990753252331520,2018-02-12 10:04:21,b'@NPORadio1 Als Rutte je publiekelijk steunt weet je dat het einde oefening is.'
962986291154571265,2018-02-12 09:46:37,b'@LavieJanRoos @jndkgrf  https://t.co/yTwXD5L8FJ'
962981653692940289,2018-02-12 09:28:12,b'https://t.co/4FrMPAJCyH'
962981142612905984,2018-02-12 09:26:10,b'@TPOnl  https://t.co/pG3C5JmzBt'
962948581715075072,2018-02-12 07:16:47,b'@arnoldkarskens @KajsaOllongren @MinPres @volkskrant Net als in de VS komt ook in NL het Rusland-nepnieuws narratie\xe2\x80\xa6 https://t.co/HZYYLCeNHv'
962785966615355392,2018-02-11 20:30:36,b'https://t.co/8x4ukcfZCi'
962747982872498176,2018-02-11 17:59:40,b'https://t.co/4rzRui3yge'
962642892991975424,2018-02-11 11:02:05,b'@RTLnieuws Nederland is een kuddevolk.'
962600840791027712,2018-02-11 08:14:59,b'RT @NielsKlaassen: Haags PvdA-wethouder Baldewsingh verloor in juni de lijsttrekkersverkiezing. \nSindsdien sprak hij niet meer met partijge\xe2\x80\xa6'
962494308711567361,2018-02-11 01:11:40,"b""Interessante confrontatie in BBC's Hardtalk tussen 'cocky' Stephen Sackur en straatvechter Roger Stone over 1e jaar\xe2\x80\xa6 https://t.co/Qa375stk9n"""
962465143727812608,2018-02-10 23:15:46,b'@fvdemocratie @ANanninga @APechtold @RvDantzig @D66  https://t.co/vANE8VaCez'
962458916406878209,2018-02-10 22:51:01,"b""@umarebru @Mirjam152 Wordt het onderhand niet eens tijd dat alle 'fatsoenlijke' partijen afstand gaan nemen van het\xe2\x80\xa6 https://t.co/Frg0melYFM"""
962450304150265856,2018-02-10 22:16:48,b'https://t.co/bAPTWuSsH1'
962386181660073985,2018-02-10 18:02:00,b'https://t.co/8IVQCt83Yo'
962321963384483841,2018-02-10 13:46:49,b'@SanderQuote @thierrybaudet @APechtold @YerRamautarsing  https://t.co/mVDAsSN3Uz'
962319227658088448,2018-02-10 13:35:57,b'https://t.co/MRjQfsZ1os'
962238380129038336,2018-02-10 08:14:42,b'RT @DiederikSmit: Rub Grofbeek is een racist en ik neem afstand van hem. Daardoor ben ik een goed mens. Dat ik hem zelf verzonnen heb doet\xe2\x80\xa6'
962237970274242560,2018-02-10 08:13:04,b'@ANanninga @FVDamsterdam Kijk je wel uit voor antifa en andere links-extremistische groeperingen?'
962222184302292992,2018-02-10 07:10:20,b'@ChrisAalberts Maar verder ben jij harstikke objectief en zo.'
962061965328723969,2018-02-09 20:33:41,b'https://t.co/Nkh3GG3OPN'
962061765130444803,2018-02-09 20:32:53,b'@ANanninga @APechtold @fvdemocratie @FVDamsterdam  https://t.co/SG8xx4F2w3'
962046793901985792,2018-02-09 19:33:24,b'@afkaZORNIG Ooit van ironie gehoord?'
962038595111415808,2018-02-09 19:00:49,b'RT @LeaveEUOfficial: Nothing gets past @CNN \xf0\x9f\x98\x82 https://t.co/1Mp4e3nLg2'
961984858519154689,2018-02-09 15:27:17,"b'@MalleHoedEnBril Ok\xc3\xa9 is afgesproken, Heisenberg \xf0\x9f\x98\x82'"
961970334357483520,2018-02-09 14:29:34,b'@GerBStruik  https://t.co/FvR8S6Q2Yp'
961969952847749120,2018-02-09 14:28:03,b'https://t.co/F9Luf8MvSQ'
961932994515697664,2018-02-09 12:01:12,b'@ThinkStraights Journalistiek is ook keuzes maken.\n\nOnze MSM is de afgelopen tijd vooral druk doende geweest met he\xe2\x80\xa6 https://t.co/iOWEXgdWCh'
961857637099888640,2018-02-09 07:01:45,b'@burgercomiteeu @kromst Dat noemt men projectie.'
961719909024714753,2018-02-08 21:54:28,"b""Ontluisterende 'deconstructie' van de 'biased' berichtgeving MSM over NunesMemo. https://t.co/feQwPfbdRr"""
961710490605977601,2018-02-08 21:17:03,b'https://t.co/BsB3wjS6OH'
961699723160809477,2018-02-08 20:34:16,b'Uitstekend item. Pitbull Tom Staal laat i.t.t. MSM Ollongren niet wegkomen met flutsmoesjes en dom gegrinnik.\n\nhttps://t.co/cdPZ3DOLnP'
961668228295643136,2018-02-08 18:29:07,b'@Nevz_89 @KennethManusama Looks like D66\nTalks like D66\nSmells like D66\n\nOver eng gesproken....'
961664252271648769,2018-02-08 18:13:19,b'Hilarische rant Paul J. Watson over de Canadese Jesse Klaver (Trudeau) \xf0\x9f\x98\x82\xf0\x9f\x98\x82\n\nhttps://t.co/uKd37BB0X2'
961644049710055424,2018-02-08 16:53:02,b'@arnoldkarskens @telegraaf Kan jou toch moeilijk verbazen? NPO is het propagandakanaal van de overheid.'
961596814997753856,2018-02-08 13:45:20,b'@NPORadio1 En jullie spelen een (bedenkelijke) rol in het handboek van demonisering. https://t.co/ceqcJVohAc'
961571134398455810,2018-02-08 12:03:18,b'@derkterhark @D66 @NPORadio1 @denieuwsbv @thierrybaudet @fvdemocratie  https://t.co/FhK7Fs6eVj'
961570339099758592,2018-02-08 12:00:08,b'@derkterhark @D66 @NPORadio1 @denieuwsbv @thierrybaudet @fvdemocratie  https://t.co/6EcjNWiKax'
961210104019410944,2018-02-07 12:08:41,b'@JoostNiemoller  https://t.co/HUYYLGATV8'
961184235657879557,2018-02-07 10:25:54,b'https://t.co/HdPKXIzyTt'
961174647374012417,2018-02-07 09:47:48,b'@arnoldkarskens  https://t.co/5S5KbNZDlM'
961006835363966977,2018-02-06 22:40:58,"b""@wierdduk De digitale lynchmob ruikt bloed. Opgehitst door de eigen linkse 'tolerante' partijen,  aangemoedigd door\xe2\x80\xa6 https://t.co/wfOCIyfQ2u"""
960987897569665027,2018-02-06 21:25:43,b'Ben benieuwd of onze o zo kritische parlementaire journalisten hier ook bovenop zullen zitten... https://t.co/aA8xHIKvsm'
960953979768320000,2018-02-06 19:10:57,"b'@HuubBellemakers Jouw ""woede uitbarsting"" komt enorm oprecht over\xf0\x9f\x98\x82.\n\nWat moet dat toch heerlijk zijn om zo\'n moreel verheven mensch te zijn.'"
960951795173482497,2018-02-06 19:02:16,b'https://t.co/drYHYXuRr2'
960934893600628739,2018-02-06 17:55:06,b'Kijk ze allemaal eens deugen en framen. Wetenschap doet er kennelijk niet toe wanneer het een taboe betreft. \n\nhttps://t.co/asM59r38lp'
960924013034987526,2018-02-06 17:11:52,b'@bpschut @MarcelGelauff @HansNijenhuis @gjhoekman  https://t.co/gnDfsvFj6g'
960885244906917888,2018-02-06 14:37:49,b'@jndkgrf  https://t.co/CNjecgXW49'
960819994039906304,2018-02-06 10:18:32,b'@havdm2 @APechtold Moi'
960791988080709638,2018-02-06 08:27:15,b'@geenstijl  https://t.co/YMZAQgS3bv'
960641275593740289,2018-02-05 22:28:22,b'@APechtold  https://t.co/fi6qTdk3Cq'
960639267579056128,2018-02-05 22:20:23,b'@APechtold Kijk eens aan wie daar uit holletje komt gekropen: ratje Arrogander Penthouse.\n\nDie rassenobsessie is vo\xe2\x80\xa6 https://t.co/QHAeyhihv2'
960635490251796480,2018-02-05 22:05:23,b'@APechtold  https://t.co/jzclsdbZ2f'
960635078928949248,2018-02-05 22:03:45,b'@devineskye @kromst  https://t.co/nAcEyLTllB'
960591749126160386,2018-02-05 19:11:34,b'https://t.co/WYMCOxcbAy'
960547298802626560,2018-02-05 16:14:56,b'@RTLnieuws  https://t.co/lXthYCJyrE'
960466597264715776,2018-02-05 10:54:16,b'@JoostNiemoller @geertwilderspvv @thierrybaudet Een overheidskeurmerk voor grappen? Of een vergunning voor comedian\xe2\x80\xa6 https://t.co/91LSiJNKSd'
960464458861678593,2018-02-05 10:45:46,b'@TPOnl  https://t.co/yo7mK9Edbx'
960240494306525190,2018-02-04 19:55:48,b'@Percolator_HNJ @Martinbosma_pvv  https://t.co/tTjf7uNBoq'
960171749198520320,2018-02-04 15:22:38,b'https://t.co/hSDYVTAqjc'
960171638267547651,2018-02-04 15:22:12,b'https://t.co/WLeZ5rtTs4'
960093947098902528,2018-02-04 10:13:29,b'@BartNijman  https://t.co/Ezc832JCxk'
959933843800281088,2018-02-03 23:37:17,"b'@BartNijman Zij controleren niet de macht, maar staan in dienst van de macht.\n\nPropaganda niets meer en niets minder.'"
959796597956673538,2018-02-03 14:31:55,b'@wierdduk  https://t.co/tamWYqIA5W'
959795830751420417,2018-02-03 14:28:52,b'@omroepbrabant @JoostNiemoller  https://t.co/O9z5q3pHoU'
959778968034512896,2018-02-03 13:21:52,b'@geertwilderspvv  https://t.co/IzUeJoe2bm'
959774663697223681,2018-02-03 13:04:46,"b'RT @teapot_russells: Wel grappig, al die kwaliteitsmedia, die al een jaar lang kritiekloos alle onbewezen roddels over collusion tussen Tru\xe2\x80\xa6'"
959567932706738176,2018-02-02 23:23:17,"b'RT @corinevloet: Als er \xc3\xa9\xc3\xa9n iemand die aantoonbaar de kernwaarden van de democratie bedreigt, dan is het wel deze demos-hatende EU-marionet\xe2\x80\xa6'"
959567686819868672,2018-02-02 23:22:19,"b'@wierdduk Ze zijn aan het radicaliseren, Wierd.'"
959544932464844801,2018-02-02 21:51:54,b'@RTLnieuws  https://t.co/VL8EMzFMbJ'
959544487461687296,2018-02-02 21:50:07,b'@TPOnl  https://t.co/ZWvden4wu6'
959544283731808258,2018-02-02 21:49:19,b'@GerBStruik  https://t.co/8bk6Obt1gv'
959539281726492673,2018-02-02 21:29:26,b'@EWdeVlieger @Nieuwsuur  https://t.co/0p0MsfGjA2'
959537533167206402,2018-02-02 21:22:29,b'@nrc  https://t.co/dVtD8mgffB'
959537391877984256,2018-02-02 21:21:56,b'@nrc  https://t.co/Cr7S1Y7gui'
959536831523061765,2018-02-02 21:19:42,b'@nrc  https://t.co/oQj87ch63C'
959486066846785537,2018-02-02 17:57:59,"b'RT @baspaternotte: Bizar, D66-minister Kajsa Ollongren babbelt vrijdag gezellig met Oekra\xc3\xafne over nepnieuws nadat Oekra\xc3\xafense NGO Nederlands\xe2\x80\xa6'"
959479352810463234,2018-02-02 17:31:18,b'RT @politiek_tk: @d66amsterdam D66 is een lifestyle van verwende mensen die denken dat zij en zij alleen de allesomvattende waarheid in pac\xe2\x80\xa6'
959434672513208322,2018-02-02 14:33:46,b'@FVDamsterdam @thierrybaudet @RvDantzig  https://t.co/qVHbnVXBaD'
959364794720636928,2018-02-02 09:56:05,b'@RVeelo @KajsaOllongren @EUvsDisinfo  https://t.co/C7AwjisDiy'
959329633174016000,2018-02-02 07:36:22,"b""RT @PrisonPlanet: It's always particularly funny when they eat their own. \n\nLike Mika only just realized he makes shit up about people to s\xe2\x80\xa6"""
959317489724268544,2018-02-02 06:48:07,b'@bpschut  https://t.co/P80rZrZ7is'
959317302012358658,2018-02-02 06:47:22,b'RT @j_i_1900: Dat de @nos niks meldt over uitgelekte #geheimedeal1963 zal wel weer puur toeval zijn toch.......#sodm'
959316881273323520,2018-02-02 06:45:42,"b""RT @seven__: LOL, ene NRC pagina 'Liever geen Marokkaan of Turk, \nvolgende pagina  'Liever geen Nederlander' https://t.co/PKheeTIMgS"""
959315480807800832,2018-02-02 06:40:08,b'RT @arnoldkarskens: Geen oorlog? Dan maken we er een! Het asielbeleid van Europa -pappen &amp; nathouden-  is al jaren te ziek voor woorden. Me\xe2\x80\xa6'
959164265864335360,2018-02-01 20:39:16,"b""RT @JoostNiemoller: Op zo'n moment dringt de verwoestende werking van de bewust opgewekte #MeToo storm pas echt door: Dit prachtige schilde\xe2\x80\xa6"""
959164130560303105,2018-02-01 20:38:43,"b'RT @Percolator_HNJ: @DianaMeijer1 @Mirjam152 De #VVD bestaat uit een zooitje immorele opportunistische alles weglachende carri\xc3\xa8repolitici,\xe2\x80\xa6'"
959163788183392257,2018-02-01 20:37:22,b'@mennodebruyne @Martinbosma_pvv  https://t.co/v6D2QS3BW8'
959140839489458182,2018-02-01 19:06:10,"b""RT @Percolator_HNJ: Wat ben je dan voor een perverse kloothommel, als je om 'de relatie te verbeteren' met een islamofascistisch regime als\xe2\x80\xa6"""
959136357464539136,2018-02-01 18:48:22,b'@TPOnl Godwinnen is alleen aan grote denkers als Frans Timmermans en Guy Verhofstadt voorbehouden.'
959134021883170817,2018-02-01 18:39:05,b'@TPOnl Dit lijkt me vrij makkelijk te omzeilen. Gewoon een stromannetje inzetten.\n\n#papierentijger'
959112639396933633,2018-02-01 17:14:07,b'@thierrybaudet  https://t.co/HXsYNkjbg7'
959112307321303040,2018-02-01 17:12:48,b'RT @ndubbelboer: Rechtszaak bij de Raad van State net afgelopen: morgen om 14.00 uur uitspraak. Geeft RvS @KajsaOllongren tik op de vingers\xe2\x80\xa6'
959111539084201985,2018-02-01 17:09:45,b'@thierrybaudet  https://t.co/Hs6Jv5m0nU'
959095024964308992,2018-02-01 16:04:07,b'@RTLnieuws Nu nog een verbod op buitenlandse paspoorten.'
959058309729964032,2018-02-01 13:38:14,b'RT @RVeelo: Demonstreren met extremisten. Column: https://t.co/QQppJeNQHI https://t.co/uDBHzJ6kNy'
958968008789168128,2018-02-01 07:39:24,b'RT @Lauren_Southern: TRAILER: #Farmlands \nhttps://t.co/A1UOYnyo6f https://t.co/I1TSe5q5ve'
958953704153124865,2018-02-01 06:42:34,"b'RT @Thijs__Vos: Toch wel ironisch dat voorstanders van #kiesdrempel en verbod #zetelroof vaak dwepen met democratie, terwijl ze juist de #d\xe2\x80\xa6'"
958953270847909888,2018-02-01 06:40:50,b'@RemkoTheulings @jndkgrf  https://t.co/KSPUpNI6SC'
958815295530991616,2018-01-31 21:32:35,"b'@TPOnl Amsterdam, het toonbeeld van een open, tolerante en inclusieve samenleving.'"
958763384610140160,2018-01-31 18:06:18,b'RT @TPOnl: De elite haat het volk https://t.co/SCQmHQn53Y'
958585429137207299,2018-01-31 06:19:10,b'@wierdduk  https://t.co/cnzfK3hfoF'
958465727463395332,2018-01-30 22:23:31,b'@RTLnieuws Fail66'
958392971413606400,2018-01-30 17:34:25,"b'RT @OnlineMagazin: \xf0\x9f\x86\x98\xe2\x80\xbc\xf0\x9f\xa4\xac\xf0\x9f\x94\xa5 #Sweden: This happens when a young woman in Malm\xc3\xb6 goes to the nightclub, she is touched by a usual suspect at the b\xe2\x80\xa6'"
958392183228420096,2018-01-30 17:31:17,b'RT @Lauren_Southern: \xf0\x9f\xa4\x94 https://t.co/nWAic2Mptw'
958392127184162816,2018-01-30 17:31:03,"b'RT @koningsveld: Wel anoniem bij de NOS klagen over de grote verdwijntruc van minister @SigridKaag, maar de kans om haar verantwoording af\xe2\x80\xa6'"
958307813209624576,2018-01-30 11:56:01,"b'RT @Else4Weekblad: Hoe incestueuze talkshows de kijker manipuleren, lees hier de column van @GeertenWaling  https://t.co/grIKJtakhK https:/\xe2\x80\xa6'"
958258410578939906,2018-01-30 08:39:43,"b'@RVeelo Dit is dus nepnieuws over eerder vermeend nepnieuws, dat toch geen nepnieuws bleek te zijn.\n\nEn die organis\xe2\x80\xa6 https://t.co/t1S8WfBYbG'"
958085581921284096,2018-01-29 21:12:57,b'@Esther_Voet @bpschut @PartijvdDieren @SPnl @groenlinks @PvdA @LodewijkA Je nu nog terugtrekken is toch ook niet ge\xe2\x80\xa6 https://t.co/vRcvZJ0kdh'
958034064124076032,2018-01-29 17:48:14,"b'@bpschut Hoe ging dat Belgische spreekwoord alweer? Als je met \xc3\xa9\xc3\xa9n vinger naar een ander wijst, wijzen 3 naar jezelf.'"
958033027141197824,2018-01-29 17:44:07,"b'RT @bpschut: Sowieso, de hyperblanke Rutger Groot Wassink en Marjolein Moorman die Annabel Nanninga met haar Indisch roots en Yernaz Ramaut\xe2\x80\xa6'"
958032944999927810,2018-01-29 17:43:48,b'RT @harmbeertema: Hoe moet het onderwijs dan flexibeler worden? Door alweer een onderwijsvernieuwing? Er is maar \xc3\xa9\xc3\xa9n oplossing: alle manage\xe2\x80\xa6'
958029551690571777,2018-01-29 17:30:19,b'@Ver_Hogescholen @Thdegraaf Idd een ontzettend belangrijke stap. Hebben jullie het diversiteitsprotocol al ondertekend?'
958028358759145475,2018-01-29 17:25:34,b'RT @JoopSoesan: Zowaar wat @fbarend zegt . Zogenaamde anti-racisten zijn verenigd in haat tegen Isra\xc3\xabl . En waar was van Aartsen na aanslag\xe2\x80\xa6'
958024473906745345,2018-01-29 17:10:08,"b""RT @bpschut: Vraagje voor de @SPnl's: hoe kan het zijn dat jullie in Amsterdam voor de Koerden van #Afrin demonstreren, maar straks in diez\xe2\x80\xa6"""
957853279882539008,2018-01-29 05:49:52,b'@RTLnieuws STOP DE PERSEN!!!'
957731436974526471,2018-01-28 21:45:43,b'@Else4Weekblad Wij krijgen straks ongetwijfeld de rekening gepresenteerd. Benieuwd hoe politiek en MSM dat dan gaan spinnen.'
957730422187872258,2018-01-28 21:41:41,b'@arnoldkarskens @mariannethieme Ze hadden enige aansporing nodig om tot deze beslissing te komen.\n\nToch bedenkelijk.'
957729233337384960,2018-01-28 21:36:57,"b""RT @djeppink: En ARD lid EU expert groep tegen 'nep nieuws' geleid door mevrouw Cock van Buningen.  https://t.co/9LcJ8Mx2bN"""
957728324201132032,2018-01-28 21:33:20,b'@HuubBellemakers @PvdDAmsterdam Huub heeft een punt. Als je in eerste instantie geen bezwaar zag in de aanmelding v\xe2\x80\xa6 https://t.co/GdyiTcxIVO'
957725426478206983,2018-01-28 21:21:50,b'@TonElias @GeertenWaling Maak je niet dik Ton.'
957708091516170240,2018-01-28 20:12:57,"b'@Johnasvlammeren Deze redenatie klopt natuurlijk van geen kanten. Als u er werkelijk zo over denkt, had u zich \xc3\xbcber\xe2\x80\xa6 https://t.co/92yZN33wD2'"
957650376412618758,2018-01-28 16:23:36,"b'RT @harmbeertema: Eerst de grenzen openzetten, dan 40 jaar lang honderden miljoenen uitgeven aan emancipatie- en verheffingsonderwijs dat n\xe2\x80\xa6'"
957626849168953344,2018-01-28 14:50:07,b'RT @arnoldkarskens: #AIVD werkt bij lekken over Russische Cozy Bear niet aan Veilig Nederland maar voor ego\xe2\x80\x99s @MinPres (VVD) &amp; @KajsaOllong\xe2\x80\xa6'
957620796591046657,2018-01-28 14:26:04,b'RT @koningsveld: Hamas-kopstuk @AminAbouRashed_ bedankt op Facebook minister @SigridKaag voor de #UNRWA-miljoenen \xf0\x9f\xa4\x94\xf0\x9f\xa4\x94\xf0\x9f\xa4\x94\xc2\xa0https://t.co/dIKSHEa3\xe2\x80\xa6'
957593973660553216,2018-01-28 12:39:29,b'@wierdduk @kittyedy @NPO1 Misdadig gewoon. Fake news in optima forma.'
957592208093384704,2018-01-28 12:32:28,"b'RT @jndkgrf: Sleepwetreclame in 3, 2, 1... https://t.co/DcJVj8KuIY'"
957592118083629056,2018-01-28 12:32:06,b'@SamvanRooy1 Op welke plek zou gidsland Zweden staan?'
957591924227133440,2018-01-28 12:31:20,b'RT @RitaPanahi: Safest country for women. \xf0\x9f\x87\xa6\xf0\x9f\x87\xba\xf0\x9f\x87\xa6\xf0\x9f\x87\xba\nDiscussing this &amp; plenty more on @3AW693 but right now we have a board full of calls on Myki\xe2\x80\xa6'
957591318460534784,2018-01-28 12:28:56,b'@Else4Weekblad @GerBStruik Zijn vacatures waar specifiek wordt voorgesorteerd op gender of ras niet in strijd met de wet?'
957586396876812288,2018-01-28 12:09:22,b'RT @OnlineMagazin: \xf0\x9f\x86\x98\xe2\x80\xbc\xf0\x9f\xa4\xac\xf0\x9f\x94\xa5 #Netherlands: a migrant gang beat up a white #Dutch boy and nobody cares. Watch the ignorant pedestrians and cyclis\xe2\x80\xa6'
957383141286711296,2018-01-27 22:41:42,b'RT @SBergsma: Duits journaal draait volumeknop omhoog bij boe-geroep Trump-Rede in Davos. \xe2\x80\x98Um \xe2\x80\x9eAtmosph\xc3\xa4re wiederzuspiegeln\xe2\x80\x9c \xe2\x80\x93 \xe2\x80\x9eTagesschau\xe2\x80\x9c\xe2\x80\xa6'
957382704634519553,2018-01-27 22:39:58,"b'RT @Nieuwsprik_neus: Vicekanselier S_Gabriel doet RABIA-groet,  veroveringsteken moslimbroederschap,  gaat lekker in Duitsland. https://t.c\xe2\x80\xa6'"
957381865207468032,2018-01-27 22:36:38,b'RT @AMike4761: Multiculturalism in MELBOURNE.     #ma4t https://t.co/MppAIiJDv4'
957358336453824513,2018-01-27 21:03:08,b'@ZihniOzdil Net zo walgelijk zijn politieke partijen die zij aan zij met dit soort mensen en hun extremistische clu\xe2\x80\xa6 https://t.co/GkZ3vDENAl'
957336847348387840,2018-01-27 19:37:45,"b'@LodewijkA @thierrybaudet @jesseklaver @MarijnissenL @mariannethieme Ok\xc3\xa9, de PvdA distantieert zich dus niet fascis\xe2\x80\xa6 https://t.co/MfJeoEvqWB'"
957304400200044544,2018-01-27 17:28:49,b'RT @TPOnl: Video: anti-democratisch door PvdA/SP/GroenLinks opgehitst links tuig valt bejaard FvD-lid aan https://t.co/saBpleIFmT'
957285206033092608,2018-01-27 16:12:33,b'@RvDantzig  https://t.co/IIlB6ekLon'
957282290677305344,2018-01-27 16:00:58,b'RT @ArnoWellens: De euro wordt een wel erg duur geintje zo. https://t.co/eRhYq5yisy?'
957277043074519040,2018-01-27 15:40:07,"b""@MarjoleinMoor @ANanninga @RutgerGW @pvda_amsterdam @GroenLinks020 Bekend met het gezegde: 'Beter ten halve gekeerd\xe2\x80\xa6 https://t.co/oURgXEYC8a"""
957261615275134977,2018-01-27 14:38:48,b'@ANanninga @RutgerGW @MarjoleinMoor @pvda_amsterdam @GroenLinks020  https://t.co/gg1bj1WbxP'
957255346971643905,2018-01-27 14:13:54,"b""@guyverhofstadt EU-elites only like jews when they're dead."""
957253931213754371,2018-01-27 14:08:16,b'RT @ANanninga: Campagnevoeren in Amsterdam voor @FVDamsterdam: ga gerust in gesprek maar blijf van mijn mensen af! https://t.co/vAGpzDVttE\xe2\x80\xa6'
957234981650214912,2018-01-27 12:52:58,"b'RT @marcelvandenber: Wat een verhaal. Fox news presentator Sean Hannity Twitter account opeens verdwenen. Heeft nu nieuw account. Oude 3,3\xe2\x80\xa6'"
957227729455386624,2018-01-27 12:24:09,b'@Else4Weekblad Als Rutte je publiekelijk gaat verdedigen is dat meestal het begin van het einde.'
957211605900677121,2018-01-27 11:20:05,"b'RT @DiederikSmit: Geen zorgen Amerika, D66 weet wat goed voor u is. https://t.co/uLje9srXX5'"
957210637268119553,2018-01-27 11:16:14,b'RT @V_of_Europe: German children\xe2\x80\x99s channel teaches migrants how to open a bra https://t.co/WG3SMgTxS7'
957209875163082754,2018-01-27 11:13:12,b'@reijnen_frank Wat is er in de aanbieding? Gebakken lucht?'
957203724413349888,2018-01-27 10:48:46,b'RT @MajaMischke: Intolerantie en onverdraagzaamheid is waar draaikont Rutger van #GroenLinks tegen wil demonstreren. Zegt hij. Wel drie kee\xe2\x80\xa6'
957186112790978562,2018-01-27 09:38:47,b'@GerBStruik @ANanninga Het is demonisering all over again. Lessen uit periode Fortuyn zijn niet geleerd of alweer v\xe2\x80\xa6 https://t.co/2Wr2pSOcE3'
957182077438431232,2018-01-27 09:22:45,b'RT @AwardsDarwin: Picked the wrong bus driver to attack #karma  https://t.co/u8XWBA0W91'
957178060402511873,2018-01-27 09:06:47,b'@beek38 Laat voor de zoveelste keer zien dat MSM geen kritische nieuwsorganisaties zijn maar behoren tot het propag\xe2\x80\xa6 https://t.co/bsc0phor4I'
956943977831391237,2018-01-26 17:36:38,"b'RT @Mirjam152: Maar natuurlijk ... wordt de AIVD-hack gebruikt voor de sleepwet. Die hack die z\xc3\xb3 belangrijk is, dat we er inhoudelijk NIETS\xe2\x80\xa6'"
956939799952330753,2018-01-26 17:20:02,b'RT @OnlineMagazin: \xf0\x9f\x86\x98\xe2\x80\xbc\xf0\x9f\x98\xac\xf0\x9f\x94\xa5 #Sweden: Kickstarter bans Swedish woman for raising money to publish book about link between immigration and rape.\xe2\x80\xa6'
956939704783556608,2018-01-26 17:19:39,b'@OnlineMagazin  https://t.co/4KLLHwA87r'
956938279454158848,2018-01-26 17:13:59,b'RT @Percolator_HNJ: #Merkel: \xe2\x80\x9cWij zijn zelf verantwoordelijk voor de massale illegale migrantenstroom uit #Afrika. Wij dragen diepe schuld\xe2\x80\xa6'
956938042488623104,2018-01-26 17:13:03,b'@OnlineMagazin Germany is lost.'
956936922802290691,2018-01-26 17:08:36,b'@hanslaroes Ben jij nu echt zo dom of doe je alsof?'
956935841909264385,2018-01-26 17:04:18,b'RT @JoostNiemoller: Trump wijst de elite in #Davos2018 erop dat ze een verantwoordelijkheid hebben ten aanzien van hun volkeren. Daar hebbe\xe2\x80\xa6'
956911200968863744,2018-01-26 15:26:23,"b""@MarjoleinMoor 'Racist' Annabel Nanninga nam maandenlang een getreiterde asielzoeker in huis.\n\nHoeveel asielzoekers\xe2\x80\xa6 https://t.co/2NdJ09E4ug"""
956889665780535296,2018-01-26 14:00:49,b'@NPORadio1 @keesvanamstel Laf praatje Kees. Ben van jou beter gewend.'
956879803038216192,2018-01-26 13:21:37,"b""RT @ndubbelboer: Sowieso zijn de antwoorden van @KajsaOllongren van een schrikbarend laag niveau. De kinderachtige stijl van 'waarom?, nou\xe2\x80\xa6"""
956876125887717376,2018-01-26 13:07:00,b'@barbara_brakel @DonArturito @telegraaf 2e kamer wordt steeds meer een afspiegeling van de samenleving.'
956871441202536448,2018-01-26 12:48:24,b'RT @EnriqCortes: \xf0\x9f\x86\x98\xf0\x9f\x91\x89\xf0\x9f\x8f\xbfOud-president Lula Brazili\xc3\xab veroordeeld voor 12 jaar voor schenking appartement door PetroBras\xf0\x9f\x91\x89\xf0\x9f\x8f\xbf@APechtold schenking ap\xe2\x80\xa6'
956869951838674944,2018-01-26 12:42:28,b'@NPORadio1 @NOS NOS voert een extreem linkse indentitypolitics-agenda uit.\n\nNiets meer en niets minder'
956867521126326272,2018-01-26 12:32:49,b'RT @PrisonPlanet: Kickstarter bans Swedish woman for raising money to publish book about link between immigration and rape (based on the go\xe2\x80\xa6'
956821380045197312,2018-01-26 09:29:28,b'@jndkgrf Ze was altijd al een lakei.'
956770370522038272,2018-01-26 06:06:46,b'@TPOnl Altijd al een lakei van de macht geweest.....En dus letterlijk.'
956768623451762688,2018-01-26 05:59:50,b'RT @trias_politica: NL staat aan vooravond om komend half jaar zijn soevereiniteit op te geven in eurozone en belangrijkste avondpraatprogr\xe2\x80\xa6'
956639226824667139,2018-01-25 21:25:39,"b""RT @GerBStruik: Ik ben zelf geen FvD'er, maar ik vind @ANanninga een intelligente, humoristische en moedige vrouw. Elke gemeenteraad zou de\xe2\x80\xa6"""
956633337833115648,2018-01-25 21:02:15,b'@huibmodderkolk Daar is ie dan. De smoking gun die Trump eindelijk ten val gaat brengen... En dat allemaal dankzij\xe2\x80\xa6 https://t.co/6foYa7Tz6t'
956615745831620608,2018-01-25 19:52:21,b'RT @CarelBrendel: Dat ook nog. PvdA Amsterdam wil hoofddoek bij politie weer op de agenda zetten. De teloorging van een ooit links-seculier\xe2\x80\xa6'
956610132795953153,2018-01-25 19:30:03,"b'RT @henkbres: Wat een nare tijd....jaren voorgelezen op scholen en kindercr\xc3\xa8ches tijdens de voorleesweken, nu omdat ik lijstdouwer ben gewo\xe2\x80\xa6'"
956559518640590848,2018-01-25 16:08:55,"b""RT @WestmonsterUK: CENSORSHIP: Breitbart's @RaheemKassam suspended from Twitter after responding to lefty trolls.\n\nAnother example of the l\xe2\x80\xa6"""
956436547930415104,2018-01-25 08:00:17,b'@TPOnl  https://t.co/H8YOi12lQV'
956429992765911046,2018-01-25 07:34:14,b'@Martinbosma_pvv @NOS  https://t.co/aZhP6h43mO'
956265908523143169,2018-01-24 20:42:13,b'@dijkhoff @bpschut  https://t.co/lyulMT2QvW'
956263985002745861,2018-01-24 20:34:35,b'RT @BartNijman: Wanneer lazerde deze kastsalafist ook weer op uit Amsterdam? Nog liever Halsema als BM dan deze stuitend domme retoriek.\n\nB\xe2\x80\xa6'
956226565737771008,2018-01-24 18:05:53,"b'RT @Martinbosma_pvv: Plaasmoord, vannacht. Ome Piet Els en zijn vrouw Rikkie Alsemgeest urenlang bewerkt met strijkijzers, geslagen met sta\xe2\x80\xa6'"
956216184776658950,2018-01-24 17:24:38,b'@wierdduk @AT5 Maar dan moet je wel steekhoudende argumenten hebben en daar zit um nu net het probleem...'
956212880973557760,2018-01-24 17:11:31,b'@thierrybaudet @KajsaOllongren  https://t.co/7d7ksjoTat'
956192121098293248,2018-01-24 15:49:01,b'@KeesVee @EenVandaag  https://t.co/9fJXYUOJUY'
955850671261089794,2018-01-23 17:12:13,b'@Else4Weekblad Pfff Halve Zoolstra....schertsfiguur'
955819838898917379,2018-01-23 15:09:42,b'@KeesVee Jij weet dondersgoed wat de werkelijke reden is van het hoofdelijk stemmen \xc3\xa9n hoe je dit had kunnen voorkomen. Gluiperd.'
955819085090250752,2018-01-23 15:06:42,b'@KeesVee  https://t.co/Mk4AUOK7Zd'
955783620265959424,2018-01-23 12:45:47,b'@thierrybaudet @KajsaOllongren @D66  https://t.co/sweSjCgQxY'
955747893687799808,2018-01-23 10:23:49,b'@jndkgrf  https://t.co/xAwzxHbmlw'
955563288120758272,2018-01-22 22:10:16,b'@D66 @ivanengelshoven  https://t.co/aYj7eYR6lZ'
955493117809123329,2018-01-22 17:31:26,b'@fonslambie @RTLnieuws Reactie van Halve Zoolstra.....er ligt echt helemaal niemand wakker van de reactie van deze onbeduidende nitwit.'
955392611170340864,2018-01-22 10:52:03,"b'@Martinbosma_pvv Labeltjes plakken, dat is tegenwoordig nog de enige bijdrage van links in het debat.\n\nWat een geestelijke armoe'"
955190966146695168,2018-01-21 21:30:47,b'@PeterSweden7 @V_of_Europe  https://t.co/n9UNpOQ4wd'
955173657680203776,2018-01-21 20:22:00,b'@ChrisAalberts Helaas is de situatie door jarenlang wegkijkbeleid van de zgn. fatsoenlijke en genuanceerde partijen\xe2\x80\xa6 https://t.co/q6H3hYKNEA'
955164068976963588,2018-01-21 19:43:54,b'@EIsitman H\xc3\xa9\xc3\xa9rlijk al die diversiteit'
955163613425274881,2018-01-21 19:42:06,b'@EWdeVlieger  https://t.co/SkuaXlG8y2'
955139604700651520,2018-01-21 18:06:42,b'@lilianhelderpvv  https://t.co/xllMhQRVua'
955036136853909504,2018-01-21 11:15:33,"b'@Else4Weekblad En als PVV wel had meegedaan, had ie moord en brand geschreeuwd. Wat een miezerig ventje.'"
955027559464521728,2018-01-21 10:41:28,b'@RTLnieuws  https://t.co/DL1itjCZAl'
955024843682009089,2018-01-21 10:30:40,b'@Martinbosma_pvv Alexander Penthouse de ultieme anti-democraat'
955024363207712768,2018-01-21 10:28:46,b'@Martinbosma_pvv  https://t.co/X6OCrqI2zJ'
954869184822988800,2018-01-21 00:12:08,b'@fvdemocratie @APechtold @RvDantzig  https://t.co/zJgIMfSEY9'
954868924138614785,2018-01-21 00:11:06,b'@V_of_Europe  https://t.co/PH5LHADsqW'
954852777053782023,2018-01-20 23:06:57,"b'RT @arnoldkarskens: Navo-bondgenoot Turkije straft Koerden na hun jarenlange strijd tegen Islamitische Staat. #Brussel, #Merkel en #Rutte z\xe2\x80\xa6'"
954835328359116800,2018-01-20 21:57:36,b'@RVeelo @parool Valt steeds meer op. D66 is bij gebrek aan eigen standpunten alleen nog maar andere partijen aan het bashen. Wat een armoe.'
954821042312302593,2018-01-20 21:00:50,b'RT @PeterSweden7: Rapes in Sweden.\n\n1974: 421\n2017: 7 230\n\nWhat happened? \xf0\x9f\xa4\x94'
954742498366230528,2018-01-20 15:48:44,b'@DominiqueHeyde  https://t.co/ADgXfQaMJU'
954710648662953984,2018-01-20 13:42:10,"b'RT @CallingVisser: Wanneer betaalt hij de werkelijk verschuldigde overdrachtsbelasting ad EUR 4500,00 plus boete? Wanneer komt de naheffing\xe2\x80\xa6'"
954696019043934209,2018-01-20 12:44:02,b'RT @CallingVisser: Ondertussen is moraalmannetje priv\xc3\xa9-kwestie @APechtold weer bezig Trump te bashen op de radio bij WNL. Volgens Pechthold\xe2\x80\xa6'
954688073459208192,2018-01-20 12:12:28,b'@OnlineMagazin  https://t.co/Qbl4v4xUbm'
954687291196346368,2018-01-20 12:09:22,"b'RT @Martinbosma_pvv: Die plaasmoorde, het afslachten van de Afrikaner boeren in Zuid-Afrika, hoe gaat dat eigenlijk in zijn werk?\n\nBekijkt\xe2\x80\xa6'"
954469473712508928,2018-01-19 21:43:50,b'@jndkgrf  https://t.co/hWmyLTbhwy'
954441873120202752,2018-01-19 19:54:09,b'@V_of_Europe  https://t.co/7xPyl2nQ0z'
954410401038569473,2018-01-19 17:49:06,b'@eddy_terstall  https://t.co/X5OjcCcjwQ'
954409755614818304,2018-01-19 17:46:32,"b""@RTLnieuws Verschrikkelijk zo'n onthoofde pop.\n\nKrijg met terugwerkende kracht steeds meer begrip voor alle islamit\xe2\x80\xa6 https://t.co/mWWxfuBvaz"""
954100852414967809,2018-01-18 21:19:04,b'@V_of_Europe  https://t.co/OJKcM4703S'
954100068021342210,2018-01-18 21:15:57,b'@swsjoerdsma Ik hoop de tijd nog mee te maken dat de hele D66-kliek zich voor een tribunaal moet verantwoorden wegens hoogverraad.'
954090229983522821,2018-01-18 20:36:51,b'@TPOnl  https://t.co/VD4gPVsAW4'
953880738402852864,2018-01-18 06:44:24,b'@BartNijman  https://t.co/DGuFZYnHTh'
953753279741165568,2018-01-17 22:17:56,b'@V_of_Europe  https://t.co/AQtUwL1aD0'
953749396038082560,2018-01-17 22:02:30,b'@Esther_de_Lange  https://t.co/GfnwfcMjZH'
953746626606256128,2018-01-17 21:51:30,b'@arnoldkarskens @KajsaOllongren  https://t.co/6cxGV3DN7a'
953671057935949824,2018-01-17 16:51:13,b'@Martinbosma_pvv  https://t.co/ZWrbfCRtdE'
953521850893635584,2018-01-17 06:58:19,b'@RTLZ @RVeelo  https://t.co/fSYFCJDBl2'
953399151844261890,2018-01-16 22:50:45,b'@StanM3  https://t.co/XIfR4lGEJF'
953398526419128320,2018-01-16 22:48:16,"b'@JoostNiemoller @Nieuwsuur Onze schuld, onze grote schuld'"
953398015389249536,2018-01-16 22:46:14,"b""@fvdemocratie @thierrybaudet @NAMbv 'Ordentelijk proces met het regiobestuur en maatschappelijke organisaties'.....\xe2\x80\xa6 https://t.co/dB4OmJEKms"""
953395465629904896,2018-01-16 22:36:06,b'@JackMarsman  https://t.co/Ax2jMf06j5'
953389919434665984,2018-01-16 22:14:04,b'@lotvanhooijdonk Weet je wat nog lekkerder is dan verbinden? Inclusief verbinden!'
953383786527543296,2018-01-16 21:49:42,"b'@RTLnieuws Terecht, weg met dat CNN-tuig dat alleen maar bezig is met ophitsen, framen en projecteren van eigen raciale vooroordelen.'"
953317825438994433,2018-01-16 17:27:36,b'@ajboekestijn Wereldkampioen open deuren'
953317285111959554,2018-01-16 17:25:27,b'@SBergsma Ik kan haast niet geloven wat ik zie.\n\nEn waarom is dit niet trending en iedere scheet van Trump wel?\n\nDe\xe2\x80\xa6 https://t.co/UoAAr6xuvG'
953013862881808384,2018-01-15 21:19:45,b'@noorlanderarjan Om zich dood te vreten?'
952954187951869954,2018-01-15 17:22:38,b'@ANanninga @d66amsterdam @FVDamsterdam Wat ruik ik? Aah ik weet het al: Angstzweet.\n\nMoet ook niet mee vallen om ca\xe2\x80\xa6 https://t.co/yQrE5uWYCO'
952929117690912768,2018-01-15 15:43:00,b'@D66 @d66amsterdam @D66Utrecht Opzichtige afleidingsmanouvre om eigen inhoudelijke leegte en gedraai (referendum) te camoufleren.'
952927983014174722,2018-01-15 15:38:30,"b'@BartNijman Bij gebrek aan eigen partijstandpunten, pijnlijke draai referendum en aankomende censuurwetgeving draai\xe2\x80\xa6 https://t.co/Fv1zos1XJn'"
952868086029447168,2018-01-15 11:40:29,b'@TPOnl Waarom zouden Ficq en Meijering zo geagiteerd reageren? Kennelijk raakt vd Heuvel een gevoelige snaar.'
952656134476877826,2018-01-14 21:38:16,b'@RTLnieuws Nederlandse MSM gaan steeds lijken op Amerikaanse MSM met hun obsessie voor vermeend rascisme.'
952647091339321344,2018-01-14 21:02:20,"b'RT @GeertenWaling: ""Kan minister @KajsaOllongren misschien eens een goed voorbeeld geven?"" Mijn zondagscolumn voor @volkskrant gaat vandaag\xe2\x80\xa6'"
952518783188520961,2018-01-14 12:32:29,b'@cafeweltschmerz @JoostNiemoller Teleurstellend dat zelfs een alt-media outlet als CWS zwicht voor morele chantage\xe2\x80\xa6 https://t.co/3cK4EgNmZi'
952512394525401094,2018-01-14 12:07:06,b'@HanTenBroeke Suggereer je nu dat we de eurocrisis achter ons hebben gelaten?\n\nDit is een bewaartweet.'
952301395402743808,2018-01-13 22:08:40,"b'@thierrybaudet Niet om op te scheppen, maar ik heb vaak al lang van tevoren in de gaten wie niet te vertrouwen is. In dit geval dus MSM.'"
952167400807587840,2018-01-13 13:16:13,b'@thierrybaudet Well said. Dat is idd de kern van wat nu gaande is.\n\nMSM en Main stream politics houden elkaar angst\xe2\x80\xa6 https://t.co/r9AxjrN4cD'
952163462171582469,2018-01-13 13:00:34,"b""@NOS Woorden als 'rascistisch' of 'seksistisch' hebben hun originele betekenis verloren omdat ze te pas en onpas ge\xe2\x80\xa6 https://t.co/ssen3PwEcY"""
952090766763024385,2018-01-13 08:11:42,b'@RTLnieuws Recycle van een oud en al eerder gedebunked fake nieuwsverhaal. \n\nDoen jullie dit expres? Of werken er a\xe2\x80\xa6 https://t.co/FaPBlaurXn'
951563393084940289,2018-01-11 21:16:06,b'@djeppink #notmyEU'
951562846135046144,2018-01-11 21:13:56,b'@RTLnieuws Hij bedoelde het niet zo. Iedereen kan weer gaan slapen.\n\nWelterusten.'
951211690825338884,2018-01-10 21:58:34,b'@GerritHiemstra @janbeuving Heeft er meer van weg dat jij de klimaatkwakzalver bent.'
951190099148132352,2018-01-10 20:32:46,"b""@volkskrant Heeft @GerritHiemstra z'n excuses al aangeboden voor het verspreiden van nepnieuws?\n\nEn is\xe2\x80\xa6 https://t.co/Y0eg9bUNVL"""
950857984636325888,2018-01-09 22:33:04,b'@jpaternotte Heeft D66 geen referendum af te schaffen? En een censuurwet te implementeren? \n\nGood luck with that.'
950678028400627713,2018-01-09 10:37:59,"b""@RTLZ Damn, wat vatten jullie deze zaak slecht samen in bovenstaande tweet. Damore heeft nooit gesteld dat 'vrouwen\xe2\x80\xa6 https://t.co/g7dvhlk90d"""
950461099845054465,2018-01-08 20:15:59,"b""RT @RobbertR1971: Net @RTLnieuws  gekeken.  De agenda is duidelijk. FvD moet beschadigd worden dus daar wordt een 'item' voor gemaakt. Tota\xe2\x80\xa6"""
950444402283032578,2018-01-08 19:09:38,"b""@EU_Commission @Ansip_EU @Avramopoulos @EBienkowskaEU @VeraJourova @JKingEU @GabrielMariya You're the enemy.\n\nFuck\xe2\x80\xa6 https://t.co/Diz8bSHmHe"""
950406600522690560,2018-01-08 16:39:25,"b""@TPOnl Haha 'omroepvrouw'. Het is bloody 2018."""
949982535555182592,2018-01-07 12:34:20,b'RT @teapot_russells: Over #sylvanasimons in #buitenhof: mensen maken zich druk om de domheid/oneerlijkheid van Simons.\nMaar uit de uitzendi\xe2\x80\xa6'
949977902048841728,2018-01-07 12:15:56,b'RT @GerBStruik: Precies drie jaar geleden vond de slachtpartij bij Charlie Hebdo plaats. De vrijheid van meningsuiting wordt inmiddels niet\xe2\x80\xa6'
949931706328535040,2018-01-07 09:12:22,b'RT @Denkjewel: Drie jaar geleden stonden ze zogenaamd allemaal pal voor de vrijheid van meningsuiting.\nNu tuigen ze wetten op waarmee dieze\xe2\x80\xa6'
949754265937072128,2018-01-06 21:27:17,"b""RT @GerBStruik: Leuk, zo'n oude tweet van de geestelijke vader van de Duitse censuurwet, minister van Justitie Heiko Maas. https://t.co/qIY\xe2\x80\xa6"""
949681381935865856,2018-01-06 16:37:40,b'@TPOnl Groenhuijsen is een sell-out. Zelfde categorie als Livestro.'
949678496191741952,2018-01-06 16:26:12,"b'@Buitenhoftv Dus Silly Sil krijgt maar weer eens een podium om, uiteraard gespeend van ieder kritisch weerwoord, el\xe2\x80\xa6 https://t.co/l8y9pvPirt'"
949621486834286592,2018-01-06 12:39:40,b'RT @TPOnl: Censuur Duitsland gaat compleet Stasi: Regering in reactie op Iran \xe2\x80\x9claf\xe2\x80\x9d noemen ook \xe2\x80\x98hate speech\xe2\x80\x99 https://t.co/ao4wOweG1r'
949620920905281536,2018-01-06 12:37:25,b'RT @bpschut: De Duitse internetcensuurwet is sluit aan bij de boekverbrandingen in de jaren 30. Wie Nederland met een soortgelijke censuur\xe2\x80\xa6'
949606799455473669,2018-01-06 11:41:18,b'@TPOnl Fraai ook hoe de hoofdredacteur (vd Meersch) zijn eigen verslaggever onder de bus gooit. Wat een slangenkuil.'
949388408085991424,2018-01-05 21:13:29,"b""@HalbeZijlstra @NLatUN @MinBZ Je doet je bijnaam 'Halve Zoolstra' weer eer aan. Heeft Nederland ooit eerder zo'n aanfluiting als BUZA gehad?"""
949384133234610177,2018-01-05 20:56:30,b'@WimvandeCamp @NPORadio1 @ioc MSM is idd waardeloos om vele redenen. Maar hoe zit het met het CDA ? Waarom spraken\xe2\x80\xa6 https://t.co/buf7B8c0vR'
949346054364893184,2018-01-05 18:25:12,"b'RT @JoostNiemoller: ""Jij weet, Frits, we kennen mekaar lang genoeg."" @fritswester had onderonsje met Camiel Eurlings op de bank thuis. Wat\xe2\x80\xa6'"
949346036740448256,2018-01-05 18:25:07,b'RT @ANanninga: Ik zie dat Eurlings het wrijven in de vlek tot nieuwe Olympische sport tracht te verheffen.'
949345604689375233,2018-01-05 18:23:24,b'@RTLnieuws Er moet weer eens een regent witgewassen worden. Wie bel je dan: Frits Wester.'
948974091301728256,2018-01-04 17:47:09,b'@HaraldDoornbos Het verhaal dat Trump eigk. niet wilde winnen werd ook al tijdens de campagne verspreid onder ander\xe2\x80\xa6 https://t.co/tFCiqWEERO'
948329049281171458,2018-01-02 23:03:59,b'@HalbeZijlstra Your full of shit. Asswipe'
948328466692403200,2018-01-02 23:01:40,b'@TPOnl Kennelijk raakt deze vrouw een gevoelige snaar. An inconvenient truth.\n\nCensorship = a hatecrime\n\n#fuckmerkel'
948311497435959297,2018-01-02 21:54:14,b'RT @frenkie4allll: Zo ziet fakenews er dus uit. \n\nVakkundig wordt de werkelijke reden van de protesten onder het tapijt geveegd. \n\nVrouwen\xe2\x80\xa6'
948309909145350149,2018-01-02 21:47:55,b'@RTLnieuws Duitsland is verloren. Net als Zweden. Collectieve zelfmoord.'
948308486143795200,2018-01-02 21:42:16,"b""@TPOnl Nog zo'n regent die het contact met de realiteit is kwijtgeraakt. Wat rest zijn loze, holle slogans."""
948244631950708737,2018-01-02 17:28:32,b'RT @GraafdeMachiel: En waarom denkt Sofiane Boussaadia zo over vrouwen? \n\nOmdat hij islam aanhangt.\n\nHij verdient dit land niet.\nGa lekker\xe2\x80\xa6'
948240166052925440,2018-01-02 17:10:47,b'@NOS NOS = Fake News'
948082258514206720,2018-01-02 06:43:19,"b'RT @BartNijman: DDR gaat heel groot worden in 2018. Nieuwe muren, ditmaal digitaal. In Nederland straks mede mogelijk gemaakt door de Duits\xe2\x80\xa6'"
947508709739171840,2017-12-31 16:44:14,b'@fritswester Ga jij in 2018 eindelijk eens een keer de macht controleren? https://t.co/g2kjeNmt8x'
947501669717299201,2017-12-31 16:16:16,b'RT @Martinbosma_pvv: In Iran wagen dappere vrouwen hun leven in de strijd tegen de hoofddoek. \n\nIn Nederland vecht jonkvrouw Ollongren (D66\xe2\x80\xa6'
947500884266713088,2017-12-31 16:13:09,b'@GullitR 2 u 2 Ruud!'
947437503077912576,2017-12-31 12:01:17,b'@POL_Akerboom Propaganda'
947437002907181058,2017-12-31 11:59:18,b'RT @Percolator_HNJ: Ik kan niet anders dan vaststellen dat de woorden van de in 2004 om het leven gebrachte Theo van Gogh nog altijd actuee\xe2\x80\xa6'
947434183722438656,2017-12-31 11:48:06,"b""@HaraldDoornbos Het maakte vooral pijnlijk duidelijk dat Dionne Stax als 'journalist' geen flauw benul had van hoe\xe2\x80\xa6 https://t.co/CEc8jhsEsv"""
947421198312407040,2017-12-31 10:56:30,"b'RT @TPOnl: Zwartboek NOS Journaal, 2017 https://t.co/aVo3bQJBVZ'"
946420309992857601,2017-12-28 16:39:20,"b'RT @jangajentaan: Welnu, de eerste babystapjes van Halbe en Sigrid in het diplomatieke mijnenveld zijn dus gezet. Gevolg: een verwijdering\xe2\x80\xa6'"
945971303558893568,2017-12-27 10:55:08,b'RT @PieterOmtzigt: Deze wereldkampioene heeft dus meer lef en principes dan al die sportbestuurders bij elkaar\nhttps://t.co/3IMFzfgkb1'
945006237774700544,2017-12-24 19:00:19,"b""@EWdeVlieger En dan te bedenken dat PvdA'er @paultang een paar weken geleden geprobeerd heeft om binnen de EU Neder\xe2\x80\xa6 https://t.co/PqJZiWvknP"""
944976675548344321,2017-12-24 17:02:50,"b'RT @GerBStruik: Een regering die zichzelf omringd weet door cohorten van p.r.-strategen, persvoorlichters, mediatrainers, communicatie-advi\xe2\x80\xa6'"
944896984191782912,2017-12-24 11:46:11,"b""RT @wierdduk: Probleem met die zogenaamde 'analyses' van #nepnieuws is dat de 'analisten' vaak geen idee hebben hoezeer het mainstream nieu\xe2\x80\xa6"""
944540354442866688,2017-12-23 12:09:03,b'RT @Percolator_HNJ: \xc3\x89\xc3\xa9n van de beste cartoons van de laatste jaren... #refugees https://t.co/Ei3f2wAT6H'
944540136578183168,2017-12-23 12:08:11,b'RT @MoosOliemans: 1967: eerste blote vrouw op televisie\n2017: poster kussende mensen verboden. Te aanstootgevend.\n\nDe knoet van censuur en\xe2\x80\xa6'
943567905609998337,2017-12-20 19:44:53,"b""@FerryMingelen @ronfresen @geertwilderspvv De objectiviteit bij 90% van de parlementaire 'pers' is ver te zoeken. E\xe2\x80\xa6 https://t.co/xR605qYlOm"""
943544840096305152,2017-12-20 18:13:14,b'@RTLnieuws Zucht........Alles wat leuk is moet kapot van de beroepsgekwetsten...'
943205939074732032,2017-12-19 19:46:34,b'@DominiqueHeyde NPO ten voeten uit. Kartelpartijen en hun vertegenwoordigers in bescherming nemen ipv kritisch volgen.'
943071871066656768,2017-12-19 10:53:50,b'RT @BMos_77: @KeesVee Tel daarbij ook nog op het voorstel tot afschaffen referendum en de pogingen van de laatste weken om je politieke col\xe2\x80\xa6'
943071813634060288,2017-12-19 10:53:36,"b'RT @BMos_77: @KeesVee Ach Kees, hou toch op. Hoe geloofwaardig ben je nog als partij wanneer je opperhoofd een schenking voor de tweede kee\xe2\x80\xa6'"
942895351866052611,2017-12-18 23:12:24,b'@KeesVee Je bent een asswipe Verhoeven. Je staat met je partij aan de verkeerde van de geschiedenis. Anti-democrati\xe2\x80\xa6 https://t.co/ncfL8oFP9L'
942893876804771841,2017-12-18 23:06:33,b'RT @ilCavaIiere: @KeesVee Dit doen D66 populisten altijd:\n\nValse tegenstellingen en doemscenario\xe2\x80\x99s schetsen (\xe2\x80\x9cNederland gaat ten onder aan\xe2\x80\xa6'
942868955571654663,2017-12-18 21:27:31,b'RT @RealJamesWoods: Unless you are a Liberal looney... https://t.co/TkCLmrnguw'
942854643226415105,2017-12-18 20:30:38,"b""@EWdeVlieger @eelcobvr @twanhuijs @joostoranje @Nieuwsuur Nee, helaas Erik. Het gaat vanavond bij Nieuwsuur over 'T\xe2\x80\xa6 https://t.co/LYXUMUsDqK"""
942782830521790464,2017-12-18 15:45:17,b'@JinekLive @KajsaOllongren @NPO1 Noord-Koreaanse toestanden op onze staatstv. Wordt weer schaamteloze propaganda. N\xe2\x80\xa6 https://t.co/vjTQz5D7Ev'
942354764666429440,2017-12-17 11:24:18,"b'RT @AnneJongeling: #wnlopzondag Als een paar vage beweringen over Russische trollen genoeg zijn voor alarm, wat zijn dan Bataclan, Berlijn,\xe2\x80\xa6'"
942353103264911360,2017-12-17 11:17:42,"b'RT @Simon_Rozendaal: Schrappen #dividendbelasting kost jaarlijks 1,4 miljard. Alom protest. #energietransitie gaat jaarlijks 7 tot 21 milja\xe2\x80\xa6'"
942352870892101632,2017-12-17 11:16:47,b'RT @geenstijl: Kajsa Ollongron verspreidt weer eens NEPNIEUWS https://t.co/OhOHfXfSyn'
942352810729000962,2017-12-17 11:16:32,b'RT @TPOnl: Minister Ollongren (D66) wil soort van EU-breed einde aan online persvrijheid want \xe2\x80\x98nepnieuws\xe2\x80\x99 https://t.co/7zdAVRP5Ks'
942344015416000512,2017-12-17 10:41:35,b'@jpaternotte @KajsaOllongren Wederom fake news van D66. Komt geen Rus aan te pas.'
942314597792600065,2017-12-17 08:44:42,"b'@APechtold Nou Alex, hoe vindt je zelf dat het gaat? Gezien de reacties lijkt het er op dat je retorische trucjes z\xe2\x80\xa6 https://t.co/Xlu12PuPng'"
942309754642280448,2017-12-17 08:25:27,b'RT @100BNers: @APechtold Ik krijg ook een enorme energie! Om op te staan tegen politiekcorrecte populisten zoals jij! Met je antidemocratis\xe2\x80\xa6'
942308065747062784,2017-12-17 08:18:44,"b'RT @Ron_ZCNH: @APechtold Hypocriet, hypocrieter, hypocrietst en dan een hele tijd niet, en daarna jij, volksverlakker.\nAnderen de maat neme\xe2\x80\xa6'"
942306960535359488,2017-12-17 08:14:21,b'RT @FlikFluimsnor: @APechtold Uhuh. Je kunt je inderdaad beter laten f\xc3\xaateren door met het priv\xc3\xa9vliegtuig van een louche NL zakenman af te r\xe2\x80\xa6'
942306316726554624,2017-12-17 08:11:47,b'RT @AtheismeP: @APechtold Misschien eens als D66 voorman aan zelfreflectie doen en de partij op eigen program promoten? D66 bestaat alleen\xe2\x80\xa6'
942306207196483584,2017-12-17 08:11:21,b'RT @sweizie: @APechtold Ik krijg van jou de bibbers. De partij die het volk zijn stem zoveel mogelijk afpakt. Pfff democraten mijn reet'
942305996202012674,2017-12-17 08:10:31,b'RT @l_ruigrok: @APechtold Ik krijg rillingen van mensen als u. Mensen die ons eens zo welvarend land opofferen tgv de EU. Mensen die de toe\xe2\x80\xa6'
941372447252733953,2017-12-14 18:20:55,b'@TPOnl NOS = fakenews'
941368202222821376,2017-12-14 18:04:03,b'@delimburger Kan niet wachten totdat Frans.T wordt opgesloten wegens hoogverraad / landverraad.#lockhimup'
941363644859932673,2017-12-14 17:45:57,"b""@wierdduk @NOS Ik had 'Israel-criticaster' netter gevonden. Of we gewoon 'demonstrant'. Nergens voor nodig om olie\xe2\x80\xa6 https://t.co/lgeA34Y3C5"""
941357075241848833,2017-12-14 17:19:50,b'@TPOnl #teamOrban'
940654230754545666,2017-12-12 18:46:59,b'@jan_bert @Vervoerregio Om 20:35 begint op NPO1 Opsporing verzocht. Kun je weer helemaal aan je trekken komen met je huidskleurobsessie.'
940153272559656960,2017-12-11 09:36:22,b'@NPORadio1 Schandalig hoe de naam van Joke Smit postuum wordt bezoedeld.'
939801540637921280,2017-12-10 10:18:42,b'@Leolucassen Zweden heeft in de praktijk gebracht waar Lucassen al jaren voor pleit: Onbegrensde immigratie van kan\xe2\x80\xa6 https://t.co/FZWrjY4TSL'
939800098640482316,2017-12-10 10:12:58,"b'@Leolucassen H\xc3\xa9 Leo, je bent toch altijd zo sterk met het verbinden van hedendaagse ontwikkelingen met WO2......?\xe2\x80\xa6 https://t.co/amlFQiuyLt'"
939621091626094592,2017-12-09 22:21:40,"b""@trias_politica @djeppink @Buitenhoftv @TimmermansEU Wordt de zoveelste schaamteloze staatspropaganda. \n\nFuck 'em."""
939541560865239040,2017-12-09 17:05:38,b'@Buitenhoftv @TimmermansEU Zal wel een kritisch gesprek worden. Kuch....'
937722593687343105,2017-12-04 16:37:43,b'@delimburger Wat een symboliek van de partij die iedere burgerparticipatie de nek heeft omgedraaid. Ga je schamen Raemakers.'
937289644529606657,2017-12-03 11:57:19,b'@BDSchram1 Betere reclame voor Baudet is nauwelijks denkbaar.'
937094452702859264,2017-12-02 23:01:42,"b'@thierrybaudet @fritssissing Jij bent dan weliswaar van de grachtengordel, maar toch niet van het goede soort.'"
936936589065932800,2017-12-02 12:34:24,"b""RT @eelcohiltermann: De volledige colonne zo'n 30 km voor #Dokkum https://t.co/khSd91Om1k"""
936936421105061888,2017-12-02 12:33:44,"b""@eelcohiltermann En maar klagen over 'institutioneel rascisme'...."""
936661586256723968,2017-12-01 18:21:39,b'@Martinbosma_pvv Burgerhaat66'
936344112785166337,2017-11-30 21:20:07,b'@FreeMindNellie Heeft niemand van D66 je nog kunnen overtuigen dat je een slachtoffer bent?'
936339346248142848,2017-11-30 21:01:11,b'@ndubbelboer @GeertenWaling Daarvoor is karakter en ruggegraat nodig. Niet dus.'
935937475180204033,2017-11-29 18:24:17,"b'@MinPres Al jaren hetzelfde gelul. Resultaat 0,0. Grenzen blijven wagenwijd open, jullie krijgen niets voor elkaar.\xe2\x80\xa6 https://t.co/QTvCTmoW8Z'"
935630013151547392,2017-11-28 22:02:32,b'RT @marcelvandenber: @HaraldDoornbos Wie van de reguliere media heeft die onzin van Buma over Russische invloed op #hennisdebat gecontrolee\xe2\x80\xa6'
935629981719367681,2017-11-28 22:02:25,b'RT @marcelvandenber: Ik heb gezocht op Tweets met #hennisdebat van 3 oktober. NUL verdachte Tweets gevonden die van Rusland afkomstig zou z\xe2\x80\xa6'
934900184181624832,2017-11-26 21:42:28,"b""@nrc Blijft wel ridicuul dat er voor een IS-strijder die in Nederland rondloopt 'onvoldoende grond' is om te arrest\xe2\x80\xa6 https://t.co/UroF6JDsfP"""
934726992229994497,2017-11-26 10:14:15,"b""@sybrandbuma Buma is niet bang voor de 'Russen' maar voor de eigen burgerbevolking. \n\nBuma is niet bang voor de ver\xe2\x80\xa6 https://t.co/BzNFffbvoL"""
934446624318935045,2017-11-25 15:40:11,"b'@jan_bert Deze tweet staat eigenlijk symbool voor het huidige D66. Geen inhoud, slechts identitypolitics.'"
934083663964393474,2017-11-24 15:37:54,b'@EduardNazarski @DenkNL @tunahankuzu En daar ben jij verbaasd over?\n\nNog altijd niet in de gaten dat er immense cul\xe2\x80\xa6 https://t.co/P4cETvBXB8'
931812976142757888,2017-11-18 09:15:00,b'@TPOnl NRC zal ongetwijfeld ook op haar aftreden aandringen. Zij zijn immers erg kritisch als het gaat om dit soort misstappen.....'
931587421287997441,2017-11-17 18:18:43,"b'@NOS Nepnieuws genoeg in Nederland. Zie NOS journaal, zie NRC.\n\nMaar nepnieuws van Russische makelij? Graag een voo\xe2\x80\xa6 https://t.co/zGRwA0cGzT'"
931582547624067074,2017-11-17 17:59:21,"b'@MinPres Ik geloof je niet meer, wat je ook zegt.'"
931483074965188608,2017-11-17 11:24:05,"b""@JacquesBrinkman Zelden iemand gezien met zo'n plaat voor z'n kop.\n\nEen opinie heeft pas waarde wanneer er een deug\xe2\x80\xa6 https://t.co/btASiVmv5I"""
931222510045196289,2017-11-16 18:08:42,b'@RTLZ @RVeelo Ollongren is een slecht mens. Een kwalificatie die ik niet snel gebruik.'
931218831820902400,2017-11-16 17:54:05,"b'@bpschut @D66 @NOS De hekel die ik aan D66 heb ontwikkeld zich langzaam tot blinde haat. Achterbakse, regenteske kutpartij'"
930883191262588930,2017-11-15 19:40:22,b'@KeesVee De oppositie als fakenews bestempelen.....D66 zakt naar bedenkelijk niveau.'
930177382396366849,2017-11-13 20:55:44,"b'@nrc G\xc3\xaanant, schaamteloos en bevooroordeeld. En dan heb ik het niet over Omtzigt.'"
930144323303366657,2017-11-13 18:44:22,b'@WilmerHeck @Nielsrigter @marcelvandenber Doel bereikt i guess. Omtzigt van MH17-dossier af. Vraag me wel af wiens\xe2\x80\xa6 https://t.co/t1MkxS2YT6'
929029582795300864,2017-11-10 16:54:47,b'@CarelBrendel Juridische jihad'
928904974188384256,2017-11-10 08:39:38,"b'@JannekeVIDM Nee, dat doet het niet.'"
928404666844700677,2017-11-08 23:31:36,b'@AT5 Tegen het opkomend populisme neem ik aan?'
927664395689357312,2017-11-06 22:30:01,b'@JoepJongen @EWdeVlieger @JaapJansen @JaapJansen verspreidt dus doelbewust fake news door opmerkingen uit context te halen. Zielig mannetje'
927277907436867584,2017-11-05 20:54:15,b'@demo_demo_nl @NOS Danke Merkel'
927155387127816192,2017-11-05 12:47:24,b'@HaraldDoornbos Column is \xc3\xa9\xc3\xa9nzijdig. Retoriek van Wilders staat niet synoniem voor heel Nederland. Daarnaast willen\xe2\x80\xa6 https://t.co/cHl2M462Mn'
927152047983677440,2017-11-05 12:34:08,b'@OnlineMagazin Traders'
927122436163858432,2017-11-05 10:36:28,"b'@Buitenhoftv @RyanLizza @NPO1 Gepresenteerd door de meest vooringenomen, niet objectieve presentatrice @Luyte van d\xe2\x80\xa6 https://t.co/k3zPaNYodg'"
926890450232987649,2017-11-04 19:14:38,b'@yashar Actress'
926557363334799360,2017-11-03 21:11:04,b'@JaapJansen @YerRamautarsing Dat is een tamelijk accurate beschrijving.'
926516288104615936,2017-11-03 18:27:51,"b""@Martijn5155 @DonArturito Komisch, Martijn de Koning die iemand anders verwijt verhalen uit z'n duim te zuigen."""
926164042196058112,2017-11-02 19:08:09,"b'@Leolucassen Bij gebrek aan inhoudelijke argumenten, maar weer de zoveelste godwin. Het is even zielig als g\xc3\xaanant'"
926142648389439488,2017-11-02 17:43:08,b'@pvklinken Onder welke steen heb jij gelegen?? De grootste islamitische aanslagen zijn vanuit Molenbeek beraamd. Re\xe2\x80\xa6 https://t.co/BViCwyYgV7'
926045816053256192,2017-11-02 11:18:22,b'@IngeLengton Telegraaf is het clubblad voor de VVD. Is toch allang bekend?'
924603066132942854,2017-10-29 11:45:23,b'@SterkNikki @RVeelo @Else4Weekblad Dit verhaal is een smetje op het blazoen van de heilig verklaarde Eberhard. Vand\xe2\x80\xa6 https://t.co/QcpuSq9qEK'
924175903248338944,2017-10-28 07:28:00,"b""@GreenOlivine @JoostMichielsen @marijn_poels @weekbladdeurne @klimaatgek Commentaren zijn hooghartig en op de 'man'\xe2\x80\xa6 https://t.co/FBzyLxOmOC"""
923300199593689088,2017-10-25 21:28:16,b'@gerjo54 @arnoldkarskens Jij vindt manipulaties van de NOS ok\xc3\xa9?'
922115674604036096,2017-10-22 15:01:23,b'@RvDantzig @RutgerGW @ANanninga Ben benieuwd hoeveel vluchtelingen @RvDantzig in huis heeft genomen. #Demoniseren66'
921786960573796352,2017-10-21 17:15:12,b'@NOS Zou NOS willen adviseren hun selectieve huidskleur en genderobsessie een plek te geven en eindelijk de politie\xe2\x80\xa6 https://t.co/XtxJKsIXwN'
921637949158117376,2017-10-21 07:23:04,b'@JanHoedeman Had dat niet loyaliteit moeten zijn?'
920748427637600256,2017-10-18 20:28:26,b'@pauwnl Misschien moet je eens beginnen bij voormalig stagiaires van de redactie van Pauw.'
920746826143293446,2017-10-18 20:22:04,"b""@MabelvanOranje Jij hebt niet de 'moral high ground' om andere de les te lezen. Iedereen kent jouw geschiedenis. #wijfvandielange"""
919592116573089792,2017-10-15 15:53:40,b'@Nieuwsuur Aldus het extreem linkse Nieuwsuur'
919489385711751168,2017-10-15 09:05:27,b'@bpschut Pechtold in de Longstay lijkt me geen onaantrekkelijk vooruitzicht.'
919296959235674112,2017-10-14 20:20:49,b'@VI_nl Alsof die spelers dit zelf bedacht hebben....'
919196612999643137,2017-10-14 13:42:05,b'@MinPres Opportunistische charlatan'
918581853896011777,2017-10-12 20:59:15,b'@wilfredgenee @VoetbalInside @RTL7 Hoop dat je blij bent met je kutprijsje.'
918520010913566720,2017-10-12 16:53:30,"b'@Tinekeceelen Nee, dat mag je niet aannemen. En volgens mij weet je dat best.'"
917486827627581442,2017-10-09 20:28:00,b'@NOS How low can you go? Echt schaamteloos NOS.'
917437895614529537,2017-10-09 17:13:34,b'@NOS En dat terwijl deze organisatie z\xc3\xb3 veel goed werk heeft verricht.'
916598031444832256,2017-10-07 09:36:14,"b""RT @LordAshcroft: Please retweet if you believe I'm right in despising people who have fun doing this... https://t.co/6CugY7c1eR"""
916036488554516481,2017-10-05 20:24:52,b'@HanTenBroeke @Arnoudproos @DEFTweedeKamer @fvdemocratie Wat een g\xc3\xaanante en schaamteloze vertoning is dit. Jullie z\xc3\xadjn verachtelijk.'
916003130306854914,2017-10-05 18:12:19,b'@NOS Het zal toch niet zo zijn dat NOS een eigene politieke agenda heeft?'
916002774952882176,2017-10-05 18:10:54,b'@NOS Hmm vreemd hoor. Ik dacht dat ik @MarcelGelauff onlangs heb horen zeggen dat de NOS consequent is in het benoe\xe2\x80\xa6 https://t.co/e51pwB1iu4'
915962722180894720,2017-10-05 15:31:45,b'@YerRamautarsing Sjonge jonge wat een niveau. En dat zijn dan de volwassenen in de zaal. Begin de radicalisering op\xe2\x80\xa6 https://t.co/HFfTNDanlk'
915674904477016064,2017-10-04 20:28:04,b'@MinPres @eucopresident Liar liar pants on fire'
915644676161630208,2017-10-04 18:27:57,b'@nrc @Nasrdin_Dchar Get a life #huidskleurobsessie'
915618282492825600,2017-10-04 16:43:04,"b""@GuyVerhofstadt Surprising the solution is more EU. I really didn't see this coming!"""
915616787345047552,2017-10-04 16:37:08,b'@Martinbosma_pvv @NOS NOS heeft weinig tot niets van doen met objectieve en evenwichtige berichtgeving. Dat ze het\xe2\x80\xa6 https://t.co/svcWuiIi3P'
915285900778786816,2017-10-03 18:42:18,"b""@Luyte Typisch dat je de bijdrage van Baudet 'framed' als clownesk en verkleedpartij. But then again, framing is jo\xe2\x80\xa6 https://t.co/E3ueL38XB9"""
914926613556494337,2017-10-02 18:54:37,"b'@HansAckerNY ""Witte man"" NOS gebruikt SJW-jargon.........'"
914255116324229121,2017-09-30 22:26:20,"b'@Phaedrajanine Jij bent inderdaad raar, alleen niet om deze reden.'"
914249778422276097,2017-09-30 22:05:07,b'@Folia #islamisering shame on you'
914036290978553856,2017-09-30 07:56:48,b'@wierdduk Drain the swamp!'
913801034086141953,2017-09-29 16:21:58,b'@MinBZ Pathetisch'
913800691214422017,2017-09-29 16:20:37,b'@RoelSchrein Wie trapt nog in deze omkering?\n\nZijlstra is een schoft'
913747227830636544,2017-09-29 12:48:10,"b'@andriesgknevel @JeanineHennis Maakt het iets uit? Als je iets van een geweten/verantwoordelijkheidsgevoel hebt, stap je gewoon op.'"
913510631881547777,2017-09-28 21:08:01,b'@HLN_BE Engnek'
913495521804914688,2017-09-28 20:07:58,b'@TimmermansEU @EU_Commission @Europarl_EN @Europarl_NL @EUinNL @EU_Justice @MaireadMcGMEP @friggieri_david\xe2\x80\xa6 https://t.co/fKIJd3JECh'
913105896707903489,2017-09-27 18:19:45,"b""@wilfredgenee @VoetbalInside Dat je zo blij kan worden van zo'n incestueus kutprijsje."""
913064340563120128,2017-09-27 15:34:37,"b'@RVeelo Braaf, slap, laf, flauw zijn de eerste woorden die mij te binnen schieten.'"
913000415591059456,2017-09-27 11:20:36,b'@delimburger De samenleving als sociaal experiment.'
912928148995571722,2017-09-27 06:33:26,b'@KeesVee Ja want door overheid ge\xc3\xafnitieerde innovatie is in het verleden altijd zeer succesvol gebleken.'
912781394258087937,2017-09-26 20:50:17,b'@TijsvandenBrink @jeroenpauw Pervers kutprijsje'
912713886368960512,2017-09-26 16:22:02,b'@SophieintVeld Lidstaten zijn het beu om op te draaien voor falende EU die grenzen niet goed bewaakt.'
911916010365734912,2017-09-24 11:31:34,b'@DeGroene @jwduyvendak Want iedereen moet vinden wat D66 en Groenlinks ook vindt.... Kom eens uit die Amsterdamse deugbubbel.'
911688436972695554,2017-09-23 20:27:16,"b'@SBergsma @trouw Onze schuld, onze grote schuld...\nMensen met een schuldcomplex zouden tegen zichzelf in beschermin\xe2\x80\xa6 https://t.co/UgvMZAgjlt'"
911660132769157120,2017-09-23 18:34:48,b'@EWdeVlieger @mathijsbouman @SBergsma @wierdduk Smells like D66'
911646999723823105,2017-09-23 17:42:36,b'@renelukassen Schaamteloos'
911619722197766144,2017-09-23 15:54:13,b'@mathijsbouman Bewust zaken uit context halen. Een paar uur pw staat Radio1 niet ten dienst van het linkse/eurofiel\xe2\x80\xa6 https://t.co/9Ae1WkbUYt'
908380987259854849,2017-09-14 17:24:38,"b'@NOS ""Beleid op de acht locaties is gericht op terugkeer binnen twee maanden nadat de vreemdeling is afgewezen voor\xe2\x80\xa6 https://t.co/elCzSsz5ao'"
904390368099266561,2017-09-03 17:07:21,"b'@paulpostman Van de 10 voorzetten eindigde er 9 richting 2e ring. Rendement 0,0. Blind paard.'"
897810899192426496,2017-08-16 13:22:53,"b'@Europarl_NL EU is het grootste gevaar voor Europa.(En dat zeg ik zonder spoortje ironie). Aantoonbaar corrupt, onb\xe2\x80\xa6 https://t.co/FxvgxnzxCh'"
885927990797926400,2017-07-14 18:24:27,b'@DefensieOnline @landmacht @JeanineHennis @RTLnieuws Was de overheid maar net zo bedreven in het uitvoeren van haar\xe2\x80\xa6 https://t.co/xgeRoHO5ak'
885560738869370880,2017-07-13 18:05:07,b'@delimburger Wanneer houdt deze waanzin op?'
885153754252795904,2017-07-12 15:07:55,"b""@dvhn_nl Ben benieuwd welke PVDA'er het wordt."""
883695101784010752,2017-07-08 14:31:45,b'@SadetKarabulut Kennelijk vindt de SP het geen probleem om geassocieerd te worden met de fascistische terreurgroepe\xe2\x80\xa6 https://t.co/uhYpBCb3ck'
880842758671532034,2017-06-30 17:37:33,b'@nrc Wat een intellectuele armoe &amp; gebrek aan realiteitszin.Van grote afstand goedkoop deugen zonder zelf maar 1 co\xe2\x80\xa6 https://t.co/yhxWBD64e3'
876880726368636930,2017-06-19 19:13:51,b'@delimburger De labbekakkerige houding van de politie straalt er weer vanaf.'
875831161913823232,2017-06-16 21:43:15,b'@Politie_Rdam #zelfislamisering'
874723991545622534,2017-06-13 20:23:45,b'@PolLimburg #zelfislamisering'
212219156936921088,2012-06-11 16:26:04,b'Kunnen ze Frank Snoeks niet met vervroegd pensioen sturen? Ben bereid mee te betalen'
182061632485208064,2012-03-20 11:10:50,b'RT @fritswester: Hero Brinkman PVV geeft om 13.00 uur persconferentie. Live te zien op RTLZ. Gerucht dat hij uit de fractie stapt en all ...'
179197902185431040,2012-03-12 13:31:23,b'RT @tupmenneke: Jammer voor Rutten.'
